-- DATA DE PRUEBA EXTERNA (CAMPANA, INTERLOCUTOR_COMERCIA, PRODUCTO, PEDIDO, OPERACION)

INSERT INTO `campana` (`id`, `nombre`, `estado`, `codigo_mes` ) VALUES
(1, 'Emprendemos Junio', 1, 201606);

INSERT INTO `interlocutor_comercial` (`id`, `zona_id`, `roles_id`, `codigo`, `nombre`, `apellido`, `email`, `telefono`, `estado`) VALUES
(1, 1, 1, 'P0001', 'Jhon', 'Snow', 'nombre@mail.com', '12345678', 1),
(2, 1, 1, 'P0002', 'Arya', 'Stark', 'nombre@persona.net', '1234567', 1),
(3, 1, 1, 'P0003', 'Ed', 'Stark', 'nombre2@persona.com', '135454354', 1),
(4, 1, 1, 'P0004', 'Tyrion', 'Lannister', 'nombre2@persona.com', '135454354', 1),
(5, 1, 1, 'P0005', 'Daenerys', 'Targarien', 'nombre2@persona.com', '135454354', 1);

INSERT INTO `producto` (`id`, `familia_id`, `codigo`, `nombre`, `unidad`, `precio`, `precio_vta`, `descuento`, `estado`) VALUES
(1, 1, 'PROD0001', 'PERFUME HUGO BOSS', 50, 60.00, 60.00, 0, 1),
(2, 1, 'PROD0002', 'PERFUME YAMBAL', 20, 80.00, 80.00, 0, 1),
(3, 1, 'PROD0003', 'PERFUME ESIKA', 60, 50.00,  50.00, 0, 1),
(4, 2, 'PROD0004', 'KIT DE ASEO PERSONAL', 15, 30.00, 30.00, 0, 1),
(5, 2, 'PROD0005', 'KIT DE ASEO PERSONAL DAMA', 25, 30.00, 30.00, 0, 1),
(6, 3, 'PROD0006', 'CARTERA DE DAMA', 30, 90.00, 90.00, 0, 1),
(7, 4, 'PROD0007', 'DESODORANTE PERSONAL', 10, 20.00, 20.00, 0, 1);

INSERT INTO `pedido` (`id`, `tipo_pedido_id`, `interlocutor_comercial_id`) VALUES
(1, 1, 1),
(2, 1, 1),
(3, 1, 1),
(4, 1, 5),
(5, 1, 2),
(6, 1, 3),
(7, 1, 5),
(8, 1, 3),
(9, 1, 4),
(10, 1, 1),
(11, 1, 1),
(12, 1, 1),
(13, 1, 5),
(14, 1, 2),
(15, 1, 2),
(16, 1, 3),
(17, 1, 3),
(18, 1, 3),
(19, 1, 4),
(20, 1, 4),
(21, 1, 1),
(22, 1, 5),
(23, 1, 1),
(24, 1, 2),
(25, 1, 5),
(26, 1, 3),
(27, 1, 3),
(28, 1, 3),
(29, 1, 4),
(30, 1, 4),
(31, 1, 5),
(32, 1, 1),
(33, 1, 1),
(34, 1, 2),
(35, 1, 2),
(36, 1, 3),
(37, 1, 5),
(38, 1, 3),
(39, 1, 4),
(40, 1, 5),
(41, 1, 1),
(42, 1, 1),
(43, 1, 1),
(44, 1, 5),
(45, 1, 2),
(46, 1, 3),
(47, 1, 5),
(48, 1, 3),
(49, 1, 4),
(50, 1, 5);

INSERT INTO `operacion` (`id`, `tipo_operacion_id`, `pedido_id`, `codigo_operacion`, `monto_operacion`, `estado`, `observacion`, `fecha_operacion`) VALUES
(1, 1, 1, 'OPE0001', 100.00, 1, 'Enviado', '2016-06-01 00:00:00'),
(2, 1, 2, 'OPE0002', 50.00, 1, 'Enviado', '2016-06-01 00:00:00'),
(3, 1, 3, 'OPE0003', 75.00, 1, 'Enviado', '2016-06-02 00:00:00'),
(4, 1, 4, 'OPE0004', 55.00, 1, 'No Enviado', '2016-06-02 00:00:00'),
(5, 1, 5, 'OPE0005', 100.00, 1, 'Enviado', '2016-06-03 00:00:00'),
(6, 1, 6, 'OPE0006', 50.00, 1, 'Enviado', '2016-06-03 00:00:00'),
(7, 1, 7, 'OPE0007', 85.00, 1, 'Enviado', '2016-06-04 00:00:00'),
(8, 1, 8, 'OPE0008', 55.00, 1, 'No Enviado', '2016-06-04 00:00:00'),
(9, 1, 9, 'OPE0009', 100.00, 1, 'Enviado', '2016-06-05 00:00:00'),
(10, 1, 10, 'OPE0010', 50.00, 1, 'Enviado', '2016-06-05 00:00:00'),
(11, 1, 11, 'OPE0011', 95.00, 1, 'Enviado', '2016-06-06 00:00:00'),
(12, 1, 12, 'OPE0012', 65.00, 1, 'No Enviado', '2016-06-06 00:00:00'),
(13, 1, 13, 'OPE0013', 120.00, 1, 'Enviado', '2016-06-07 00:00:00'),
(14, 1, 14, 'OPE0014', 50.00, 1, 'Enviado', '2016-06-08 00:00:00'),
(15, 1, 15, 'OPE0015', 90.00, 1, 'Enviado', '2016-06-09 00:00:00'),
(16, 1, 16, 'OPE0016', 60.00, 1, 'No Enviado', '2016-06-10 00:00:00'),
(17, 1, 17, 'OPE0017', 55.00, 1, 'No Enviado', '2016-06-11 00:00:00'),
(18, 1, 18, 'OPE0018', 95.00, 1, 'No Enviado', '2016-06-12 00:00:00'),
(19, 1, 19, 'OPE0019', 85.00, 1, 'No Enviado', '2016-06-13 00:00:00'),
(20, 1, 20, 'OPE0020', 65.00, 1, 'No Enviado', '2016-06-14 00:00:00'),
(21, 1, 21, 'OPE0021', 35.00, 1, 'Enviado', '2016-06-15 00:00:00'),
(22, 1, 22, 'OPE0022', 35.00, 1, 'No Enviado', '2016-06-16 00:00:00'),
(23, 1, 23, 'OPE0023', 100.00, 1, 'Enviado', '2016-06-16 00:00:00'),
(24, 1, 24, 'OPE0024', 50.00, 1, 'Enviado', '2016-06-16 00:00:00'),
(25, 1, 25, 'OPE0025', 60.00, 1, 'Enviado', '2016-06-17 00:00:00'),
(26, 1, 26, 'OPE0026', 70.00, 1, 'No Enviado', '2016-06-17 00:00:00'),
(27, 1, 27, 'OPE0027', 55.00, 1, 'No Enviado', '2016-06-17 00:00:00'),
(28, 1, 28, 'OPE0028', 95.00, 1, 'No Enviado', '2016-06-18 00:00:00'),
(29, 1, 29, 'OPE0029', 45.00, 1, 'No Enviado', '2016-06-18 00:00:00'),
(30, 1, 30, 'OPE0030', 50.00, 1, 'Enviado', '2016-06-19 00:00:00'),
(31, 1, 31, 'OPE0031', 35.00, 1, 'Enviado', '2016-06-19 00:00:00'),
(32, 1, 32, 'OPE0032', 25.00, 1, 'No Enviado', '2016-06-20 00:00:00'),
(33, 1, 33, 'OPE0033', 110.00, 1, 'Enviado', '2016-06-20 00:00:00'),
(34, 1, 34, 'OPE0034', 60.00, 1, 'Enviado', '2016-06-21 00:00:00'),
(35, 1, 35, 'OPE0035', 40.00, 1, 'Enviado', '2016-06-22 00:00:00'),
(36, 1, 36, 'OPE0036', 40.00, 1, 'No Enviado', '2016-06-23 00:00:00'),
(37, 1, 37, 'OPE0037', 75.00, 1, 'No Enviado', '2016-06-24 00:00:00'),
(38, 1, 38, 'OPE0038', 95.00, 1, 'No Enviado', '2016-06-25 00:00:00'),
(39, 1, 39, 'OPE0039', 85.00, 1, 'No Enviado', '2016-06-25 00:00:00'),
(40, 1, 40, 'OPE0040', 50.00, 1, 'Enviado', '2016-06-26 00:00:00'),
(41, 1, 41, 'OPE0041', 65.00, 1, 'Enviado', '2016-06-27 00:00:00'),
(42, 1, 42, 'OPE0042', 25.00, 1, 'No Enviado', '2016-06-07 00:00:00'),
(43, 1, 43, 'OPE0043', 70.00, 1, 'Enviado', '2016-06-28 00:00:00'),
(44, 1, 44, 'OPE0044', 50.00, 1, 'Enviado', '2016-06-29 00:00:00'),
(45, 1, 45, 'OPE0045', 40.00, 1, 'Enviado', '2016-06-29 00:00:00'),
(46, 1, 46, 'OPE0046', 60.00, 1, 'No Enviado', '2016-06-29 00:00:00'),
(47, 1, 47, 'OPE0047', 55.00, 1, 'No Enviado', '2016-06-30 00:00:00'),
(48, 1, 48, 'OPE0048', 95.00, 1, 'No Enviado', '2016-06-30 00:00:00'),
(49, 1, 49, 'OPE0049', 85.00, 1, 'No Enviado', '2016-06-30 00:00:00'),
(50, 1, 50, 'OPE0050', 65.00, 1, 'No Enviado', '2016-06-30 00:00:00');